{
  "ars_nouveau:blue_archwood_log": 32,
  "ars_nouveau:green_archwood_log": 32,
  "ars_nouveau:purple_archwood_log": 32,
  "ars_nouveau:red_archwood_log": 32,
  "create:deepslate_zinc_ore": 3092,
  "create:zinc_ore": 3092,
  "immersiveengineering:deepslate_ore_aluminum": 128,
  "immersiveengineering:deepslate_ore_lead": 512,
  "immersiveengineering:deepslate_ore_nickel": 1024,
  "immersiveengineering:deepslate_ore_silver": 512,
  "immersiveengineering:deepslate_ore_uranium": 4096,
  "immersiveengineering:hemp_fiber": 32,
  "immersiveengineering:ore_aluminum": 128,
  "immersiveengineering:ore_lead": 512,
  "immersiveengineering:ore_nickel": 1024,
  "immersiveengineering:ore_silver": 512,
  "immersiveengineering:ore_uranium": 4096,
  "immersiveengineering:seed": 16,
  "minecraft:acacia_log": 32,
  "minecraft:ancient_debris": 65536,
  "minecraft:birch_log": 32,
  "minecraft:bone": 144,
  "minecraft:cactus": 32,
  "minecraft:clay_ball": 16,
  "minecraft:coal_ore": 128,
  "minecraft:cobbled_deepslate": 1,
  "minecraft:cobblestone": 1,
  "minecraft:copper_ore": 128,
  "minecraft:crimson_stem": 32,
  "minecraft:dark_oak_log": 32,
  "minecraft:deepslate_coal_ore": 128,
  "minecraft:deepslate_copper_ore": 128,
  "minecraft:deepslate_diamond_ore": 8192,
  "minecraft:deepslate_emerald_ore": 16384,
  "minecraft:deepslate_gold_ore": 2048,
  "minecraft:deepslate_iron_ore": 256,
  "minecraft:deepslate_lapis_ore": 864,
  "minecraft:deepslate_redstone_ore": 64,
  "minecraft:diamond_ore": 8192,
  "minecraft:dirt": 1,
  "minecraft:emerald_ore": 16384,
  "minecraft:glowstone_dust": 384,
  "minecraft:gold_ore": 2048,
  "minecraft:grass_block": 16,
  "minecraft:iron_ore": 256,
  "minecraft:jungle_log": 32,
  "minecraft:kelp": 8,
  "minecraft:lapis_ore": 864,
  "minecraft:netherrack": 1,
  "minecraft:oak_log": 32,
  "minecraft:oak_sapling": 32,
  "minecraft:redstone_ore": 64,
  "minecraft:soul_sand": 12,
  "minecraft:spruce_log": 32,
  "minecraft:sugar_cane": 32,
  "minecraft:warped_stem": 32,
  "projecte:aeternalis_fuel": 1024,
  "projecte:alchemical_coal": 64,
  "projecte:dark_matter": 17408,
  "projecte:mobius_fuel": 256,
  "projecte:red_matter": 58368,
  "projectexpansion:blue_fuel": 1048576,
  "projectexpansion:blue_matter": 18981888,
  "projectexpansion:cyan_fuel": 4194304,
  "projectexpansion:cyan_matter": 63237120,
  "projectexpansion:fading_matter": 130833189888,
  "projectexpansion:final_star": 100000000000,
  "projectexpansion:green_fuel": 16777216,
  "projectexpansion:green_matter": 214877184,
  "projectexpansion:lime_fuel": 67108864,
  "projectexpansion:lime_matter": 745294848,
  "projectexpansion:magenta_fuel": 4096,
  "projectexpansion:magenta_matter": 181248,
  "projectexpansion:orange_fuel": 1073741824,
  "projectexpansion:orange_matter": 9526225920,
  "projectexpansion:pink_fuel": 16384,
  "projectexpansion:pink_matter": 568320,
  "projectexpansion:purple_fuel": 65536,
  "projectexpansion:purple_matter": 1803264,
  "projectexpansion:violet_fuel": 262144,
  "projectexpansion:violet_matter": 5803008,
  "projectexpansion:white_fuel": 4294967296,
  "projectexpansion:white_matter": 35021128704,
  "projectexpansion:yellow_fuel": 268435456,
  "projectexpansion:yellow_matter": 2638537728,
  "quark:ancient_log": 32,
  "quark:azalea_log": 32,
  "quark:blossom_log": 32
}