{
  "soulQty": {
    "panda": 10,
    "ravager": 10,
    "fox": 10,
    "magma_cube": 10,
    "pillager": 10,
    "llama": 10,
    "bat": 10,
    "husk": 10,
    "endermite": 10,
    "cat": 10,
    "silverfish": 10,
    "drowned": 10,
    "guardian": 10,
    "dolphin": 10,
    "zombie_pigman": 10,
    "stray": 10,
    "shulker": 10,
    "villager": 10,
    "wolf": 10,
    "vex": 10,
    "polar_bear": 10,
    "horse": 10,
    "vindicator": 10,
    "phantom": 10,
    "evoker": 10,
    "mooshroom": 10,
    "witch": 10,
    "parrot": 10
  },
  "tierMap": {
    "panda": "TWO",
    "ravager": "FOUR",
    "fox": "TWO",
    "magma_cube": "FOUR",
    "pillager": "FOUR",
    "llama": "THREE",
    "bat": "TWO",
    "husk": "THREE",
    "endermite": "FOUR",
    "cat": "TWO",
    "silverfish": "THREE",
    "drowned": "THREE",
    "guardian": "THREE",
    "dolphin": "THREE",
    "zombie_pigman": "THREE",
    "stray": "THREE",
    "shulker": "FOUR",
    "villager": "FOUR",
    "wolf": "TWO",
    "vex": "THREE",
    "polar_bear": "THREE",
    "horse": "THREE",
    "vindicator": "FOUR",
    "phantom": "FOUR",
    "evoker": "FIVE",
    "mooshroom": "FOUR",
    "witch": "THREE",
    "parrot": "TWO"
  },
  "cruxMap": {
    "prismarine": "",
    "panda": "",
    "ice": "",
    "cow": "",
    "saltpeter": "",
    "experience": "",
    "graphite": "",
    "magma_cube": "",
    "glowstone": "",
    "pig": "",
    "llama": "",
    "skeleton": "",
    "platinum": "",
    "tungsten": "",
    "bat": "",
    "husk": "",
    "coral": "",
    "rabbit": "",
    "rubber": "",
    "silverfish": "",
    "fire": "",
    "invar": "",
    "wood": "",
    "drowned": "",
    "zinc": "",
    "dolphin": "",
    "zombie_pigman": "",
    "stray": "",
    "nether": "",
    "obsidian": "",
    "shulker": "",
    "turtle": "",
    "chrome": "",
    "vex": "",
    "inferium": "",
    "dirt": "",
    "wither_skeleton": "",
    "brass": "",
    "water": "",
    "horse": "",
    "vindicator": "",
    "phantom": "",
    "evoker": "",
    "mooshroom": "",
    "coal": "",
    "silver": "",
    "squid": "",
    "uranium": "",
    "parrot": "",
    "redstone": "",
    "creeper": "",
    "emerald": "",
    "enderman": "",
    "ravager": "",
    "chicken": "",
    "mithril": "",
    "titanium": "",
    "air": "",
    "aluminum": "",
    "fox": "",
    "slime": "",
    "pillager": "",
    "gold": "",
    "iridium": "",
    "blaze": "",
    "endermite": "",
    "cat": "",
    "zombie": "",
    "lapis_lazuli": "",
    "end": "",
    "guardian": "",
    "ghast": "",
    "sheep": "",
    "nickel": "",
    "electrum": "",
    "nether_quartz": "",
    "villager": "",
    "wolf": "",
    "nature": "",
    "constantan": "",
    "lead": "",
    "polar_bear": "",
    "stone": "",
    "dye": "",
    "diamond": "",
    "silicon": "",
    "earth": "",
    "fish": "",
    "witch": "",
    "iron": "",
    "spider": ""
  }
}