#ignore rows that start with a '#',,,,,,,,
,,,,,,,,
"#Item format: ""modname:item_name:metadata {nbt_data}"" metadata and {nbt_data} are optional. Can also use crafttweaker formatting (eg. ""<modname:item_name:metadata>.withTag{nbt_data}"")",,,,,,,,
"#Fluid format: ""fluid:fluid_name"" where fluid is literal. Can also use crafttweaker formatting",,,,,,,,
,,,,,,,,
"#Other configurations found within adminshop.cfg, such as selling price of Forge Energy",,,,,,,,
#See the examples below with the default shop,,,,,,,,
,,,,,,,,
#Category names for buy and sell. Put the category name in each column after the first,,,,,,,,
Buy Category Names:,Ores,Books,Crops,Saplings,Spawn Eggs,Thaumcraft,Botania,Pam's
Sell Category Names:,Coins
,,,,,,,,
,,,,,,,,
#buy or sell (from player's perspective),Item/Fluid,Price,Category Index (starting from 0),,,,,
buy,minecraft:iron_ore,85,0,,,,,
buy,minecraft:gold_ore,680,0,,,,,
buy,minecraft:coal_ore,10,0,,,,,
buy,minecraft:redstone_ore,5,0,,,,,
buy,minecraft:lapis_ore,85,0,,,,,
buy,minecraft:quartz_ore,25,0,,,,,
buy,minecraft:diamond_ore,815,0,,,,,
buy,minecraft:emerald_ore,1635,0,,,,,
buy,appliedenergistics2:quartz_ore,5,0,,,,,
buy,draconicevolution:draconium_ore,815,0,,,,,
buy,immersiveengineering:ore:1,40,0,,,,,
buy,immersiveengineering:ore:2,170,0,,,,,
buy,immersiveengineering:ore:4,340,0,,,,,
buy,immersiveengineering:ore:5,1365,0,,,,,
buy,practicallogistics2:sapphireore,200,0,,,,,
buy,spectrite:spectrite_ore,3275,0,,,,,
buy,metallurgy:adamantine_ore,2730,0,,,,,
buy,metallurgy:alduorite_ore,340,0,,,,,
buy,metallurgy:astral_silver_ore,680,0,,,,,
buy,metallurgy:atlarus_ore,2730,0,,,,,
buy,metallurgy:carmot_ore,680,0,,,,,
buy,metallurgy:ceruclase_ore,340,0,,,,,
buy,metallurgy:copper_ore,40,0,,,,,
buy,metallurgy:deep_iron_ore,170,0,,,,,
buy,metallurgy:eximite_ore,2730,0,,,,,
buy,metallurgy:ignatius_ore,85,0,,,,,
buy,metallurgy:infuscolium_ore,170,0,,,,,
buy,metallurgy:kalendrite_ore,680,0,,,,,
buy,metallurgy:lemurite_ore,340,0,,,,,
buy,metallurgy:lutetium_ore,170,0,,,,,
buy,metallurgy:manganese_ore,40,0,,,,,
buy,metallurgy:meutoite_ore,1365,0,,,,,
buy,metallurgy:midasium_ore,340,0,,,,,
buy,metallurgy:mithril_ore,680,0,,,,,
buy,metallurgy:orichalcum_ore,1365,0,,,,,
buy,metallurgy:osmium_ore,170,0,,,,,
buy,metallurgy:oureclase_ore,340,0,,,,,
buy,metallurgy:platinum_ore,1365,0,,,,,
buy,metallurgy:prometheum_ore,85,0,,,,,
buy,metallurgy:rubracium_ore,340,0,,,,,
buy,metallurgy:sanguinite_ore,2730,0,,,,,
buy,metallurgy:shadow_iron_ore,85,0,,,,,
buy,metallurgy:silver_ore,170,0,,,,,
buy,metallurgy:tin_ore,85,0,,,,,
buy,metallurgy:vulcanite_ore,1365,0,,,,,
buy,metallurgy:vyroxeres_ore,680,0,,,,,
buy,metallurgy:zinc_ore,170,0,,,,,
buy,metallurgy:sulfur_ore,1,0,,,,,
buy,metallurgy:phosphorite_ore,10,0,,,,,
buy,metallurgy:tar_ore,10,0,,,,,
buy,metallurgy:potash_ore,10,0,,,,,
#,,,,,,,,
sell,thermalfoundation:coin:64,5,0
sell,thermalfoundation:coin,10,0
sell,thermalfoundation:coin:66,25,0
sell,thermalfoundation:coin:69,50,0
sell,thermalfoundation:coin:1,100,0
sell,thermalfoundation:coin:70,20,0
#,,,,,,,,
buy,"minecraft:enchanted_book {StoredEnchantments:[{lvl:5, id:32}]}",1000,1,,,,,
buy,"minecraft:enchanted_book {StoredEnchantments:[{lvl:3, id:34}]}",500,1,,,,,
buy,"minecraft:enchanted_book {StoredEnchantments:[{lvl:1, id:33}]}",2000,1,,,,,
buy,"minecraft:enchanted_book {StoredEnchantments:[{lvl:3, id:35}]}",2000,1,,,,,
buy,"minecraft:enchanted_book {StoredEnchantments:[{lvl:1, id:70}]}",2000,1,,,,,
buy,"minecraft:enchanted_book {StoredEnchantments:[{lvl:4, id:0}]}",750,1,,,,,
buy,"minecraft:enchanted_book {StoredEnchantments:[{lvl:5, id:16}]}",1000,1,,,,,
buy,"minecraft:enchanted_book {StoredEnchantments:[{lvl:5, id:48}]}",2000,1,,,,,
#,,,,,,,,
buy,minecraft:wheat_seeds,1000,2,,,,,
buy,minecraft:carrot,1000,2,,,,,
buy,minecraft:potato,1000,2,,,,,
buy,minecraft:beetroot_seeds,1000,2,,,,,
buy,minecraft:melon_seeds,1000,2,,,,,
buy,minecraft:pumpkin_seeds,1000,2,,,,,
buy,minecraft:reeds,1000,2,,,,,
buy,minecraft:cactus,1000,2,,,,,
buy,bewitchment:belladonna_seeds,1000,2,,,,,
buy,bewitchment:garlic_seeds,1000,2,,,,,
buy,bewitchment:hellebore_seeds,1000,2,,,,,
buy,bewitchment:mandrake_seeds,1000,2,,,,,
buy,bewitchment:white_sage_seeds,1000,2,,,,,
buy,bewitchment:wormwood_seeds,1000,2,,,,,
buy,roots:moonglow_seed,1000,2,,,,,
buy,roots:spirit_herb_seed,1000,2,,,,,
buy,roots:wildewheet_seed,1000,2,,,,,
buy,rustic:grape_stem,1000,2,,,,,
buy,rustic:apple_seeds,1000,2,,,,,
buy,rustic:tomato_seeds,1000,2,,,,,
buy,rustic:chili_pepper_seeds,1000,2,,,,,
buy,immersiveengineering:seed,1000,2,,,,,
buy,chococraft:gysahl_green_seeds,1000,2,,,,,
buy,bewitchment:aconitum_seeds,1000,2,,,,,
buy,mysticalworld:aubergine_seed,1000,2,,,,,
#,,,,,,,,
buy,minecraft:sapling,1000,3,,,,,
buy,minecraft:sapling:1,1000,3,,,,,
buy,minecraft:sapling:2,1000,3,,,,,
buy,minecraft:sapling:3,1000,3,,,,,
buy,minecraft:sapling:4,1000,3,,,,,
buy,minecraft:sapling:5,1000,3,,,,,
buy,bewitchment:cypress_sapling,1000,3,,,,,
buy,bewitchment:elder_sapling,1000,3,,,,,
buy,bewitchment:juniper_sapling,1000,3,,,,,
buy,bewitchment:dragons_blood_sapling,1000,3,,,,,
buy,rustic:sapling,1000,3,,,,,
buy,rustic:sapling:1,1000,3,,,,,
buy,quark:variant_sapling,1000,3,,,,,
buy,quark:variant_sapling:1,1000,3,,,,,
buy,roots:wildwood_sapling,1000,3,,,,,
#,,,,,,,,
buy,"minecraft:spawn_egg {EntityTag: {id: "minecraft:chicken"}}",1000,4,,,,,
buy,"minecraft:spawn_egg {EntityTag: {id: "minecraft:cow"}}",1000,4,,,,,
buy,"minecraft:spawn_egg {EntityTag: {id: "minecraft:donkey"}}",5000,4,,,,,
buy,"minecraft:spawn_egg {EntityTag: {id: "minecraft:horse"}}",5000,4,,,,,
buy,"minecraft:spawn_egg {EntityTag: {id: "minecraft:llama"}}",5000,4,,,,,
buy,"minecraft:spawn_egg {EntityTag: {id: "minecraft:mule"}}",5000,4,,,,,
buy,"minecraft:spawn_egg {EntityTag: {id: "minecraft:ocelot"}}",1000,4,,,,,
buy,"minecraft:spawn_egg {EntityTag: {id: "minecraft:parrot"}}",1000,4,,,,,
buy,"minecraft:spawn_egg {EntityTag: {id: "minecraft:pig"}}",1000,4,,,,,
buy,"minecraft:spawn_egg {EntityTag: {id: "minecraft:rabbit"}}",1000,4,,,,,
buy,"minecraft:spawn_egg {EntityTag: {id: "minecraft:sheep"}}",1000,4,,,,,
buy,"minecraft:spawn_egg {EntityTag: {id: "minecraft:villager"}}",10000,4,,,,,
buy,"minecraft:spawn_egg {EntityTag: {id: "minecraft:wolf"}}",5000,4,,,,,
#,,,,,,,,
buy,thaumcraft:ore_cinnabar,255,5,,,,,
buy,thaumcraft:ore_amber,500,5,,,,,
buy,thaumcraft:cinderpearl,765,5,,,,,
buy,thaumcraft:shimmerleaf,120,5,,,,,
buy,thaumcraft:sapling_greatwood,5000,5,,,,,
buy,thaumcraft:sapling_silverwood,5000,5,,,,,
buy,"thaumcraft:crystal_essence.withTag({Aspects: [{amount: 1, key: "aer"}]})",10,5,,,,,
buy,"thaumcraft:crystal_essence.withTag({Aspects: [{amount: 1, key: "terra"}]})",10,5,,,,,
buy,"thaumcraft:crystal_essence.withTag({Aspects: [{amount: 1, key: "ignis"}]})",10,5,,,,,
buy,"thaumcraft:crystal_essence.withTag({Aspects: [{amount: 1, key: "aqua"}]})",10,5,,,,,
buy,"thaumcraft:crystal_essence.withTag({Aspects: [{amount: 1, key: "ordo"}]})",10,5,,,,,
buy,"thaumcraft:crystal_essence.withTag({Aspects: [{amount: 1, key: "perditio"}]})",10,5,,,,,