﻿{
  "Disabled": false,
  "Living": false,
  "Monster": true,
  "Animal": false,
  "Checking_LightLevel": true,
  "Checking_Altitude": false,
  "Sunny": false,
  "Raining": false,
  "Thundering": false,
  "Day": false,
  "Night": false,
  "InvertedMobFilter": false,
  "InvertedDimensionFilter": false,
  "InvertedLightLevelChecking": false,
  "InvertedAltitudeChecking": false,
  "mobFilter": "(\\bminecraft:slime\\b)",
  "dimensionFilter": "(\\bminecraft:the_end\\b)|(\\bminecraft:the_nether\\b)",
  "LightLevel": 0,
  "Altitude": 60,
  "MoonPhase": 0,
  "DisabledUnderBloodmoon": false,
  "DisabledWhenSunny": false,
  "DisabledWhenRaining": false,
  "DisabledWhenThundering": false,
  "DisabledWhenDay": false,
  "DisabledWhenNight": false
}
