{
  "__comment": "Instructions: https://blakesmods.com/docs/cucumber/tags-config",
  "forge:ingots/tungsten": "null",
  "forge:ingots/mithril": "null",
  "forge:ingots/tin": "null",
  "forge:ingots/iridium": "null",
  "forge:gems/sapphire": "null",
  "forge:ingots/bronze": "null",
  "forge:ingots/invar": "null",
  "forge:gems/ruby": "thermal:ruby",
  "forge:dusts/niter": "thermal:niter_dust",
  "forge:ingots/chrome": "null",
  "forge:silicon": "ae2:silicon",
  "forge:gems/apatite": "null",
  "forge:dusts/saltpeter": "immersiveengineering:dust_saltpeter",
  "forge:ingots/titanium": "null",
  "forge:rubber": "null",
  "forge:ingots/platinum": "null",
  "forge:ingots/graphite": "null"
}